scene,listener,system,predicted,predicted_fitted
S08520,L0243,E018,55.562472343444824,77.83683348114971
S08523,L0225,E018,56.51218891143799,75.62618319063306
S08523,L0231,E018,57.07353949546814,74.25118745536243
S08547,L0229,E018,55.72599172592163,77.46666614751385
S08547,L0242,E018,55.60138821601868,77.7491336128776
S08564,L0224,E018,55.74811100959778,77.41625838970921
S08569,L0217,E018,55.96214532852173,76.92437488462396
S08587,L0217,E018,56.6731333732605,75.2371016587371
S08595,L0229,E018,56.28516674041748,76.16792328905446
S08605,L0231,E018,55.80070614814758,77.29607854566906
S08620,L0201,E018,55.621522665023804,77.70366197426533
S08633,L0216,E018,55.6604266166687,77.61561370670404
S08648,L0217,E018,56.176674365997314,76.4238776529409
S08649,L0215,E018,55.61268925666809,77.72361949744995
S08656,L0200,E018,56.2727689743042,76.19726838705664
S08657,L0219,E018,55.61589002609253,77.7163893978738
S08657,L0225,E018,55.78562021255493,77.33059603448092
S08662,L0229,E018,55.83837032318115,77.20973880635788
S08664,L0206,E018,55.078840255737305,78.90606459614695
S08667,L0224,E018,54.90521192550659,79.2805871669007
S08671,L0219,E018,54.60612177848816,79.91416591176463
S08674,L0216,E018,56.43227696418762,75.81782350188266
S08681,L0242,E018,56.40597939491272,75.88066396560681
S08688,L0227,E018,55.580294132232666,77.79670144532787
S08691,L0231,E018,56.22814893722534,76.30267676962387
S08693,L0231,E018,56.14240765571594,76.50432327988037
S08697,L0229,E018,57.64718055725098,72.79475550236843
S08697,L0242,E018,55.75931668281555,77.39069125796422
S08714,L0201,E018,56.23546838760376,76.28540771501898
S08717,L0201,E018,56.93238377571106,74.60165984443262
S08756,L0215,E018,55.50618767738342,77.96323734764724
S08761,L0224,E018,55.337607860565186,78.33873336075709
S08786,L0212,E018,56.945109367370605,74.57019315265065
S08786,L0221,E018,57.156550884246826,74.04361103728158
S08821,L0222,E018,56.267231702804565,76.21036689422958
S08824,L0224,E018,54.35881018638611,80.42701736510762
S08829,L0227,E018,54.956215620040894,79.17108235441582
S08831,L0218,E018,55.68426251411438,77.56154568262642
S08833,L0212,E018,56.02604150772095,76.77608636272298
S08833,L0221,E018,55.90069890022278,77.0663517164869
S08838,L0231,E018,56.37074112892151,75.96469425226083
S08847,L0200,E018,57.102447748184204,74.17902334403178
S08851,L0219,E018,55.710965394973755,77.50086419762917
S08855,L0215,E018,55.805760622024536,77.28450531995598
S08858,L0200,E018,56.46534562110901,75.73864477552426
S08858,L0240,E018,55.842334032058716,77.20063912454441
S08861,L0239,E018,55.72195053100586,77.47586702400157
S08870,L0200,E018,55.92799186706543,77.00336500648972
S08871,L0225,E018,56.05764985084534,76.70248527737726
S08871,L0231,E018,56.00450038909912,76.8261525677428
S08872,L0217,E018,56.5320611000061,75.57836735398702
S08873,L0217,E018,56.69785737991333,75.1769638468732
S08879,L0206,E018,57.1844220161438,73.97367391136686
S08879,L0212,E018,56.516289710998535,75.61632117305513
S08884,L0219,E018,56.13296031951904,76.52646867292003
S08894,L0242,E018,55.90007305145264,77.06779462810232
S08907,L0209,E018,56.47388696670532,75.71816499125256
S08908,L0222,E018,56.20471239089966,76.35791315109027
S08917,L0219,E018,55.57870864868164,77.80027382351928
S08919,L0236,E018,55.822986364364624,77.24503226673212
S08934,L0227,E018,55.11121153831482,78.83569263140535
S08936,L0212,E018,56.25791549682617,76.23239334311272
S08936,L0221,E018,56.0779333114624,76.65516908815778
S08937,L0219,E018,54.83837127685547,79.42344919724212
S08940,L0206,E018,56.2813401222229,76.17698341792915
S08940,L0212,E018,56.29019737243652,76.15600886374759
S08941,L0224,E018,55.324387550354004,78.36798375397379
S08942,L0227,E018,56.401610374450684,75.89109334479632
S08955,L0222,E018,55.742716789245605,77.42855866802253
S08958,L0222,E018,55.623698234558105,77.69874470359764
S08960,L0218,E018,57.203954458236694,73.9245883558998
S08967,L0218,E018,56.53233528137207,75.5777071835316
S08974,L0227,E018,56.8798303604126,74.73133691518663
S08999,L0229,E018,57.175374031066895,73.99639143478186
S09009,L0217,E018,55.66889047622681,77.59642537990861
S09017,L0229,E018,57.517433166503906,73.12865108225839
S09017,L0242,E018,56.991541385650635,74.45516256315892
S09021,L0222,E018,55.853670835494995,77.17459853466737
S09026,L0229,E018,55.89386224746704,77.08211035145736
S09039,L0239,E018,55.84372878074646,77.19743652234268
S09046,L0231,E018,55.36760687828064,78.27225340128298
S09051,L0206,E018,56.48355484008789,75.6949699397137
S09051,L0212,E018,55.94204664230347,76.97088210444792
S09052,L0236,E018,55.002063512802124,79.07228354603497
S09070,L0217,E018,55.963802337646484,76.92053772734856
S09076,L0216,E018,56.30005598068237,76.13264811468322
S09085,L0209,E018,55.382537841796875,78.23911043194596
S09089,L0236,E018,55.44685125350952,78.09593396092667
S09091,L0206,E018,56.973814964294434,74.49911827168897
S09109,L0227,E018,56.14014267921448,76.50963390444694
S09113,L0209,E018,55.8279812335968,77.23357740188413
S09132,L0215,E018,56.58046007156372,75.46164587509467
S09135,L0239,E018,56.84092044830322,74.82706546494046
S09150,L0243,E018,56.604206562042236,75.40424011913967
S09168,L0227,E018,56.381648778915405,75.93870492600328
S09169,L0219,E018,55.29271364212036,78.43794699808385
S09169,L0225,E018,55.690836906433105,77.54661637641077
S09172,L0216,E018,56.24735355377197,76.25734812601567
S09177,L0200,E018,56.50780200958252,75.63673026290763
S09177,L0240,E018,56.19514584541321,76.3804344838937
S09180,L0206,E018,56.30846619606018,76.11270703112851
S09191,L0206,E018,56.22258186340332,76.3158055702576
S09192,L0216,E018,55.457162857055664,78.0729150143885
S09197,L0201,E018,56.23331665992737,76.29048526691737
S09198,L0217,E018,57.533371448516846,73.08777500146432
S09218,L0224,E018,53.920966386795044,81.31054762630013
S09229,L0227,E018,55.89582324028015,77.07759099826139
S09236,L0219,E018,55.16043305397034,78.7283611165208
S09236,L0225,E018,55.553627014160156,77.85673258087007
S09238,L0215,E018,56.56248331069946,75.50504347234518
S09240,L0219,E018,55.33002018928528,78.35552484318141
S09242,L0219,E018,55.81934452056885,77.25338163958025
S09257,L0206,E018,55.47657012939453,78.0295443268847
S09257,L0212,E018,55.11058568954468,78.83705479133923
S09258,L0206,E018,56.86529278755188,74.76713131837947
S09267,L0227,E018,56.00654482841492,76.82140408901257
S09278,L0215,E018,57.47109055519104,73.24728022054647
S09284,L0219,E018,55.5786669254303,77.80036782792439
S09284,L0225,E018,55.82550764083862,77.23925066536982
S09286,L0201,E018,57.612425088882446,72.88445055764653
S09290,L0227,E018,53.58038544654846,81.97633501873936
S09291,L0201,E018,55.63485622406006,77.67351301659666
S09296,L0201,E018,55.66999316215515,77.59392463104375
S09311,L0209,E018,56.37814998626709,75.9470434838551
S09312,L0219,E018,55.985164642333984,76.87102877638405
S09320,L0215,E018,54.993242025375366,79.0913199363519
S09333,L0209,E018,55.22322058677673,78.59087202842751
S09360,L0243,E018,55.502521991729736,77.97145176523874
S09367,L0240,E018,55.71402907371521,77.49389463844743
S09370,L0227,E018,57.15031027793884,74.0592538772752
S09395,L0209,E018,55.685627460479736,77.55844670624367
S09407,L0219,E018,56.1551034450531,76.47454043384522
S09407,L0225,E018,57.210832834243774,73.90728855171702
S09413,L0219,E018,56.10536336898804,76.59107546399414
S09413,L0225,E018,56.21974468231201,76.32249454938488
S09423,L0222,E018,56.710392236709595,75.14643715337135
S09424,L0231,E018,55.61574101448059,77.71672603183274
S09427,L0242,E018,56.43417835235596,75.81327563994847
S09430,L0243,E018,57.06929564476013,74.26177034745717
S09462,L0227,E018,55.72487115859985,77.46921769002563
S09468,L0219,E018,55.79341650009155,77.31276231309499
S09475,L0200,E018,55.61060309410095,77.72833095194231
S09475,L0240,E018,55.44613599777222,78.0975300058221
S09482,L0216,E018,55.298733711242676,78.42466214491243
S09508,L0243,E018,56.205618381500244,76.35577952135654
S09514,L0218,E018,55.907613039016724,77.05040673491732
S09514,L0221,E018,55.935120582580566,76.98689338723142
S09528,L0229,E018,55.89815974235535,77.072205419553
S09544,L0236,E018,55.84818124771118,77.18721070969062
S09545,L0239,E018,56.962937116622925,74.52606712256545
S09551,L0242,E018,56.03877305984497,76.7464600378286
S09556,L0201,E018,55.90226650238037,77.06273728653393
S09557,L0216,E018,56.11182451248169,76.57596045841889
S09595,L0201,E018,56.09140992164612,76.62369462963538
S09611,L0218,E018,56.90685510635376,74.6647073507044
S09618,L0216,E018,56.02269768714905,76.78386306710854
S09619,L0201,E018,55.66914081573486,77.59585765974812
S09624,L0239,E018,55.17696738243103,78.6922176569657
S09643,L0206,E018,56.32728338241577,76.06804905744721
S09643,L0212,E018,55.98909258842468,76.86191735160239
S09652,L0240,E018,56.30090832710266,76.13062767491647
S09663,L0236,E018,54.56290245056152,80.00451018728751
S09671,L0201,E018,55.433589220047,78.12551368408191
S09691,L0206,E018,57.23100304603577,73.85651565501722
S09699,L0218,E018,56.66387677192688,75.25959192961797
S09699,L0221,E018,55.9240996837616,77.01235479981781
S09702,L0219,E018,54.87644672393799,79.34215817739359
S09705,L0216,E018,55.5583119392395,77.84619462359655
S09710,L0240,E018,56.71021342277527,75.1468728034898
S09722,L0217,E018,56.449687480926514,75.7761581664984
S09723,L0218,E018,57.37895965576172,73.48212981247062
S09723,L0221,E018,56.74258470535278,75.06792235239848
S09749,L0218,E018,56.89506530761719,74.69378939027942
S09749,L0221,E018,56.281977891922,76.1754735608522
S09755,L0206,E018,56.78060054779053,74.97499173963564
S09760,L0209,E018,54.50634956359863,80.12226564668211
S09761,L0201,E018,57.523030042648315,73.11430154070734
S09762,L0212,E018,54.65793013572693,79.8054651247351
S09762,L0221,E018,55.578404664993286,77.80095870624257
S09778,L0212,E018,56.97835087776184,74.4878754320959
S09778,L0221,E018,55.480241775512695,78.02133213238153
S09791,L0209,E018,54.94137406349182,79.20299107326517
S09799,L0215,E018,55.97875714302063,76.88588649040105
S09802,L0215,E018,55.770379304885864,77.36543042382938
S09816,L0236,E018,55.92811107635498,77.00308962934356
S09842,L0227,E018,56.22353553771973,76.3135568812837
S09852,L0240,E018,56.21088743209839,76.3433681455847
S09876,L0224,E018,55.66503405570984,77.60516968085017
S09889,L0209,E018,56.264036893844604,76.21792201171247
S09925,L0206,E018,55.95165491104126,76.94865731448554
S09925,L0212,E018,55.452924966812134,78.0823775073296
S09946,L0236,E018,57.07101225852966,74.25748996938137
S09967,L0216,E018,55.781686305999756,77.3395909389926
S09978,L0236,E018,54.725754261016846,79.66249786173036
S09981,L0216,E018,55.511659383773804,77.95097173930684
S09984,L0242,E018,55.21882772445679,78.60051230497716
S09985,L0219,E018,55.74312210083008,77.42763461315795
S09985,L0225,E018,56.656116247177124,75.27843669357985
S09990,L0216,E018,55.49994111061096,77.97723393145387
S09991,L0209,E018,55.321329832077026,78.37474498807804
S08523,L0220,E001,60.29660105705261,65.44411987022313
S08530,L0241,E001,60.466015338897705,64.94264208923526
S08595,L0208,E001,60.20512580871582,65.71348004262609
S08603,L0241,E001,60.17082333564758,65.81422870670643
S08657,L0220,E001,60.327720642089844,65.35225697345857
S08662,L0208,E001,60.81262230873108,63.906407497804516
S08808,L0241,E001,60.292112827301025,65.45735933306
S08829,L0208,E001,60.404956340789795,65.12376855070012
S08831,L0235,E001,59.65029001235962,67.32518492917798
S08871,L0220,E001,60.566532611846924,64.6435276766075
S08907,L0202,E001,60.07069945335388,66.10748177095188
S08920,L0241,E001,60.2084219455719,65.70379158995617
S08934,L0208,E001,60.056692361831665,66.14840938910906
S08942,L0208,E001,60.275739431381226,65.5056375508387
S08960,L0235,E001,59.595757722854614,67.48148157180765
S08967,L0235,E001,60.56216359138489,64.65655285780029
S08999,L0208,E001,60.46040058135986,64.95931588851941
S09026,L0208,E001,60.43500304222107,65.03469170778077
S09085,L0202,E001,60.299426317214966,65.43578463755655
S09113,L0202,E001,59.95931625366211,66.43226475007063
S09137,L0235,E001,59.79266166687012,66.91531755200779
S09168,L0208,E001,60.47545075416565,64.91461409895703
S09169,L0220,E001,60.38050055503845,65.19619260175243
S09229,L0208,E001,60.49818992614746,64.84702491223064
S09236,L0220,E001,60.54633855819702,64.70371315355777
S09267,L0208,E001,60.03470420837402,66.21260832175761
S09284,L0220,E001,60.260164737701416,65.55153106840837
S09290,L0208,E001,59.54329967498779,67.63146681807966
S09311,L0202,E001,60.286110639572144,65.4750609518953
S09331,L0235,E001,60.52365303039551,64.7712685175021
S09333,L0202,E001,60.452812910079956,64.98184272289932
S09359,L0241,E001,60.33181548118591,65.34016074548582
S09395,L0202,E001,60.24411916732788,65.59878178447936
S09407,L0220,E001,60.06038188934326,66.13763122080253
S09413,L0220,E001,60.41308045387268,65.09969408907058
S09430,L0202,E001,60.16726493835449,65.82467181308577
S09454,L0241,E001,60.249388217926025,65.58326897388116
S09528,L0208,E001,60.5042040348053,64.82913879983498
S09611,L0235,E001,60.32571792602539,65.3581723102493
S09797,L0241,E001,60.373902320861816,65.21572078593695
S09823,L0241,E001,60.443782806396484,65.00864324998146
S09834,L0235,E001,60.161012411117554,65.84301787640638
S09879,L0241,E001,60.22574305534363,65.65285754408414
S09936,L0208,E001,60.571593046188354,64.62843849404997
S09985,L0220,E001,60.47374606132507,64.91967866739577
S08649,L0208,E003,54.62334156036377,79.87808520723758
S08656,L0235,E003,55.632126331329346,77.67968803273301
S08756,L0208,E003,55.047303438186646,78.9744575050459
S08821,L0220,E003,56.089675426483154,76.62774717482483
S08827,L0202,E003,55.76843023300171,77.36988246118551
S08847,L0235,E003,55.934131145477295,76.989180076134
S08855,L0208,E003,55.33953309059143,78.3344713366345
S08858,L0235,E003,54.732441902160645,79.64836015920376
S08861,L0220,E003,55.877721309661865,77.1192853722614
S08870,L0235,E003,56.17820620536804,76.42027701395389
S08908,L0220,E003,56.95050358772278,74.55684706221322
S08919,L0202,E003,56.156742572784424,76.47069332610631
S09089,L0202,E003,55.19561171531677,78.65140810585565
S09132,L0208,E003,54.84589338302612,79.40740831956796
S09177,L0235,E003,56.15888833999634,76.46565645409274
S09238,L0208,E003,54.82865571975708,79.44415390113484
S09278,L0208,E003,55.908769369125366,77.04773931457932
S09320,L0208,E003,54.4716477394104,80.19426388168802
S09356,L0241,E003,56.39654994010925,75.90316936574867
S09367,L0241,E003,56.79445266723633,74.94107260361457
S09379,L0241,E003,56.35488033294678,76.00245103634589
S09391,L0202,E003,55.657655000686646,77.62189466565333
S09411,L0241,E003,56.108713150024414,76.58323993207746
S09428,L0241,E003,55.16765117645264,78.71258806041638
S09453,L0202,E003,57.19671845436096,73.94277961482776
S09475,L0235,E003,54.526883363723755,80.07957018574629
S09624,L0220,E003,54.955410957336426,79.17281326978676
S09652,L0241,E003,55.351173877716064,78.30868834247967
S09663,L0202,E003,54.70987558364868,79.69603615203842
S09710,L0241,E003,56.711381673812866,75.1440264636692
S09799,L0208,E003,55.42658567428589,78.1411228279752
S09802,L0208,E003,54.55701947212219,80.01678417651397
S09852,L0241,E003,57.37155079841614,73.50095828104743
S08564,L0235,E005,55.079782009124756,78.90401974083554
S08593,L0241,E005,54.67391610145569,79.77183587305606
S08624,L0241,E005,56.033533811569214,76.75865495863896
S08664,L0208,E005,54.50613498687744,80.12271144766555
S08667,L0235,E005,54.006290435791016,81.14081373850372
S08674,L0241,E005,54.41093444824219,80.31975715663407
S08719,L0241,E005,55.317223072052,78.38382345795527
S08761,L0235,E005,53.89279127120972,81.366336957937
S08810,L0241,E005,56.920695304870605,74.63053940195766
S08824,L0235,E005,53.62526774406433,81.88966652416366
S08879,L0208,E005,54.04893755912781,81.05553398199697
S08907,L0220,E005,57.44081735610962,73.32459466604419
S08940,L0208,E005,55.78688979148865,77.32769259485836
S08941,L0235,E005,54.88957762718201,79.31406869336067
S09051,L0208,E005,54.56631779670715,79.99738196438325
S09085,L0220,E005,54.216426610946655,80.7177547882274
S09091,L0208,E005,54.46410775184631,80.20988161142128
S09113,L0220,E005,56.28068447113037,76.17853553889292
S09180,L0208,E005,53.67857813835144,81.78630191368697
S09191,L0208,E005,54.623693227767944,79.8773478516172
S09218,L0235,E005,55.02838492393494,79.01540734474763
S09257,L0208,E005,56.22089505195618,76.31978257836269
S09258,L0208,E005,54.3665885925293,80.41103924680874
S09272,L0241,E005,54.33289408683777,80.48018210148173
S09311,L0220,E005,54.84882593154907,79.40115215640441
S09333,L0220,E005,55.63421845436096,77.67495576033846
S09395,L0220,E005,54.91040349006653,79.26946035751628
S09427,L0202,E005,55.95507025718689,76.94075369335232
S09430,L0220,E005,54.63176965713501,79.86040810466777
S09536,L0241,E005,54.29874062538147,80.55007794200036
S09557,L0241,E005,55.98682761192322,76.86717159016189
S09618,L0241,E005,54.66526746749878,79.79003496216832
S09643,L0208,E005,53.86515259742737,81.42093924617636
S09691,L0208,E005,56.41512870788574,75.85881348223525
S09755,L0208,E005,55.11646270751953,78.82426093420996
S09876,L0235,E005,54.77026104927063,79.56827265180809
S09925,L0208,E005,54.13118004798889,80.89024326152399
S09960,L0241,E005,54.459160566329956,80.22012377627424
S09981,L0241,E005,55.78180551528931,77.33931840320595
S09990,L0241,E005,54.84723448753357,79.404547443991
S08523,L0241,E007,57.07302689552307,74.25246587695366
S08605,L0235,E007,56.02458119392395,76.7794828296404
S08633,L0235,E007,55.545586347579956,77.87481035643175
S08657,L0241,E007,56.7740797996521,74.99094824482394
S08688,L0202,E007,56.21636509895325,76.33046060322968
S08691,L0235,E007,55.7858407497406,77.33009169998162
S08693,L0235,E007,56.56369924545288,75.50210972674788
S08827,L0220,E007,56.75833821296692,75.0294405200747
S08831,L0208,E007,56.33711814880371,76.04468589577218
S08838,L0235,E007,56.06952905654907,76.67478219672968
S08871,L0241,E007,56.48767948150635,75.6850695704398
S08919,L0220,E007,56.88307285308838,74.72334866933414
S08960,L0208,E007,57.451385259628296,73.29762155048284
S08967,L0208,E007,56.55235052108765,75.52948212076754
S08974,L0202,E007,57.719969749450684,72.60630411055918
S09006,L0202,E007,56.14904165267944,76.48876395397805
S09046,L0235,E007,55.73439002037048,77.4475366285052
S09076,L0235,E007,56.214869022369385,76.33398643163869
S09089,L0220,E007,56.25461935997009,76.24018308786535
S09109,L0202,E007,56.722235679626465,75.1175712157916
S09118,L0202,E007,57.62380361557007,72.85510591893635
S09169,L0241,E007,55.57723641395569,77.80359066401917
S09172,L0235,E007,56.16622567176819,76.4484275109818
S09192,L0235,E007,56.633198261260986,75.3340317961064
S09236,L0241,E007,56.401485204696655,75.89139209476139
S09284,L0241,E007,55.70147633552551,77.52244112767399
S09331,L0208,E007,56.92930221557617,74.60927578409445
S09370,L0202,E007,57.13207125663757,74.10493708203798
S09391,L0220,E007,51.33662223815918,85.90524909614825
S09407,L0241,E007,57.46493935585022,73.26300122139602
S09413,L0241,E007,56.68876767158508,75.19908470249538
S09424,L0235,E007,55.768656730651855,77.36936513086283
S09453,L0220,E007,57.110339403152466,74.15930039204429
S09462,L0202,E007,56.59632682800293,75.42329894382999
S09482,L0235,E007,55.88682293891907,77.09832816027061
S09611,L0208,E007,56.6805899143219,75.21897492685883
S09658,L0202,E007,56.74973726272583,75.05045537524687
S09663,L0220,E007,55.896949768066406,77.07499449092238
S09705,L0235,E007,55.60077428817749,77.75051906695968
S09834,L0208,E007,56.73292875289917,75.09148981316373
S09842,L0202,E007,56.37471079826355,75.95523806331279
S09985,L0241,E007,57.103121280670166,74.1773404238252
S08547,L0220,E009,55.163198709487915,78.72231860853923
S08620,L0202,E009,56.0846209526062,76.63955386879285
S08656,L0208,E009,56.23154640197754,76.29466208156437
S08671,L0235,E009,54.89293336868286,79.30688560004543
S08697,L0220,E009,56.68262243270874,75.21403236431125
S08714,L0202,E009,55.9847354888916,76.8720241062866
S08717,L0202,E009,56.44906759262085,75.77764246746845
S08821,L0241,E009,56.05013370513916,76.72000158136439
S08847,L0208,E009,56.29669427871704,76.14061569740814
S08851,L0235,E009,56.04328513145447,76.7359541260128
S08858,L0208,E009,55.782294273376465,77.33820098225263
S08861,L0241,E009,54.55561280250549,80.01971815302664
S08870,L0208,E009,56.62338137626648,75.35782013531073
S08884,L0235,E009,57.18529224395752,73.97148828052944
S08894,L0220,E009,55.54629564285278,77.87321607772463
S08908,L0241,E009,55.75525760650635,77.39995490945716
S08917,L0235,E009,54.92529273033142,79.23752455368927
S08937,L0235,E009,55.76903223991394,77.36850743320898
S08955,L0241,E009,55.491822957992554,77.99541461398614
S08958,L0235,E009,55.5090069770813,77.95691809760773
S09021,L0235,E009,55.92154264450073,77.0182594629582
S09177,L0208,E009,56.57228231430054,75.48139418369672
S09197,L0202,E009,55.47822117805481,78.02585177844783
S09240,L0235,E009,55.15366792678833,78.74313654154959
S09242,L0235,E009,55.58844208717346,77.77833616480684
S09286,L0202,E009,57.378655672073364,73.48290250833381
S09291,L0202,E009,55.62505125999451,77.69568617546298
S09296,L0202,E009,55.76622486114502,77.37491918749144
S09312,L0235,E009,56.13516569137573,76.52130038087023
S09423,L0235,E009,55.31838536262512,78.38125435976615
S09427,L0220,E009,56.80720806121826,74.9098119246921
S09468,L0235,E009,57.542335987091064,73.06476686289723
S09475,L0208,E009,56.077903509140015,76.65523865844757
S09551,L0220,E009,55.76048493385315,77.38802456945741
S09556,L0202,E009,55.843424797058105,77.1981345524003
S09595,L0202,E009,55.20050525665283,78.64068747361016
S09619,L0202,E009,55.68432807922363,77.56139683045285
S09624,L0241,E009,55.84191083908081,77.20161079159314
S09671,L0202,E009,55.39681315422058,78.20738873124859
S09702,L0235,E009,55.75991868972778,77.3893171248513
S09761,L0202,E009,57.767242193222046,72.48348117760374
S09984,L0220,E009,56.169748306274414,76.44015283865626
S08564,L0208,E010,55.39658069610596,78.20790555210233
S08667,L0208,E010,54.816800355911255,79.46939779593824
S08688,L0220,E010,56.25823140144348,76.231646674922
S08761,L0208,E010,55.14720678329468,78.75724105236804
S08786,L0202,E010,57.397472858428955,73.43504400154808
S08824,L0208,E010,54.58226203918457,79.96407926976296
S08833,L0202,E010,55.20411729812622,78.63277179997306
S08907,L0241,E010,56.024640798568726,76.77934420512072
S08936,L0202,E010,56.762659549713135,75.01887766462548
S08941,L0208,E010,54.53946590423584,80.05337357380546
S08974,L0220,E010,57.6516330242157,72.78325139577659
S09006,L0220,E010,56.30697011947632,76.11625514681747
S09039,L0235,E010,55.27503490447998,78.47692545398863
S09085,L0241,E010,55.14134168624878,78.77003849018844
S09109,L0220,E010,55.023038387298584,79.02696950415655
S09113,L0241,E010,55.00458478927612,79.06684039863735
S09118,L0220,E010,57.283252477645874,73.72469577882413
S09135,L0235,E010,56.53054118156433,75.58202677547612
S09218,L0208,E010,53.49301099777222,82.14412783857996
S09311,L0241,E010,55.36007285118103,78.28896319104496
S09333,L0241,E010,54.6519935131073,79.8179432014372
S09395,L0241,E010,55.12619614601135,78.80305947925504
S09430,L0241,E010,54.450708627700806,80.23761259532186
S09462,L0220,E010,55.95443844795227,76.94221593734477
S09514,L0202,E010,55.697423219680786,77.5316529249618
S09545,L0235,E010,57.98645615577698,71.90947809573403
S09658,L0220,E010,57.514190673828125,73.13696212505164
S09699,L0202,E010,56.12208843231201,76.55193542669211
S09723,L0202,E010,57.21735954284668,73.89086636210891
S09749,L0202,E010,56.72561526298523,75.10933007122902
S09760,L0235,E010,54.24132943153381,80.66714314951065
S09762,L0202,E010,55.58348894119263,77.78950172114848
S09778,L0202,E010,57.09868669509888,74.18841957512106
S09791,L0235,E010,58.293795585632324,71.0925586872502
S09842,L0220,E010,56.64741396903992,75.29955683404579
S09876,L0208,E010,55.49116134643555,77.99689582463488
S09889,L0235,E010,55.36552667617798,78.2768680294285
S09991,L0235,E010,55.102914571762085,78.85374576926118
S08520,L0235,E013,55.40165305137634,78.19662624765586
S08530,L0202,E013,56.66382312774658,75.25972222605465
S08603,L0202,E013,54.12616729736328,80.90034931620187
S08605,L0208,E013,55.53487539291382,77.89887530705519
S08620,L0220,E013,56.693410873413086,75.18778658519194
S08633,L0208,E013,55.20898103713989,78.62210969630979
S08691,L0208,E013,55.41527271270752,78.16631962756368
S08693,L0208,E013,55.22966980934143,78.57671327966611
S08714,L0220,E013,55.53721785545349,77.89361395679887
S08717,L0220,E013,57.57512450218201,72.98050705554661
S08808,L0202,E013,56.43928647041321,75.80105483225591
S08827,L0241,E013,54.29002046585083,80.56789349426343
S08838,L0208,E013,55.81751465797424,77.2575760076719
S08919,L0241,E013,55.77429533004761,77.35648363180296
S08920,L0202,E013,57.75638818740845,72.51171217698544
S09046,L0208,E013,55.70597052574158,77.51222373516563
S09052,L0235,E013,56.39447569847107,75.9081180610878
S09076,L0208,E013,56.290578842163086,76.1551052333467
S09089,L0241,E013,59.57368612289429,67.54463142017711
S09150,L0235,E013,56.81236982345581,74.8971542063165
S09172,L0208,E013,55.190032720565796,78.66362562695063
S09192,L0208,E013,54.04007434844971,81.0732816839844
S09197,L0220,E013,55.356037616729736,78.29790915567412
S09286,L0220,E013,56.85871243476868,74.78332241071573
S09291,L0220,E013,55.541831254959106,77.88324928532617
S09296,L0220,E013,54.88755702972412,79.31839297056922
S09359,L0202,E013,56.833380460739136,74.84558794304016
S09360,L0235,E013,55.523526668548584,77.92435271078543
S09391,L0241,E013,54.35553789138794,80.43373624669522
S09424,L0208,E013,55.56500554084778,77.83113225948892
S09453,L0241,E013,56.928569078445435,74.61108747824446
S09454,L0202,E013,56.51913285255432,75.60948211184883
S09482,L0208,E013,56.1237096786499,76.54813896915354
S09508,L0235,E013,54.24109101295471,80.66762818178769
S09544,L0235,E013,54.8484742641449,79.40190246162334
S09556,L0220,E013,55.56854009628296,77.8231756258812
S09595,L0220,E013,55.8121919631958,77.26977346095501
S09619,L0220,E013,55.80609440803528,77.28374090373137
S09663,L0241,E013,54.351264238357544,80.4425085510473
S09671,L0220,E013,55.898529291152954,77.07135353742859
S09705,L0208,E013,55.97425699234009,76.89631745199728
S09761,L0220,E013,57.107752561569214,74.16576654973414
S09797,L0202,E013,56.07924461364746,76.65210785266318
S09816,L0235,E013,56.00447654724121,76.82620793958034
S09823,L0202,E013,56.21538162231445,76.33277841968832
S09879,L0202,E013,55.39618134498596,78.20879340318373
S09946,L0235,E013,57.27786421775818,73.73830956162409
S09967,L0208,E013,54.90434765815735,79.2824390776233
S08520,L0208,E019,56.689924001693726,75.19627137312342
S08523,L0202,E019,58.1417441368103,71.49847731707558
S08620,L0241,E019,60.3246808052063,65.36123542311424
S08649,L0235,E019,55.62635660171509,77.69273515345223
S08657,L0202,E019,57.5170636177063,73.12959837881203
S08714,L0241,E019,60.141122341156006,65.90134744632998
S08717,L0241,E019,60.20013093948364,65.72815914480373
S08756,L0235,E019,55.00437021255493,79.06730368574574
S08855,L0235,E019,55.94107508659363,76.9731285640079
S08871,L0202,E019,57.20364451408386,73.92536772163844
S09052,L0208,E019,56.803297996520996,74.91939739345945
S09132,L0235,E019,56.2558114528656,76.23736602319877
S09150,L0208,E019,58.58154892921448,70.31506478172963
S09169,L0202,E019,57.12052583694458,74.13382778390452
S09197,L0241,E019,59.89527106285095,66.61831542929112
S09236,L0202,E019,57.5258731842041,73.10701030152528
S09238,L0235,E019,56.79706335067749,74.9346765004693
S09278,L0235,E019,57.19277858734131,73.95268095426111
S09284,L0202,E019,57.40737318992615,73.40984196854382
S09286,L0241,E019,60.328614711761475,65.34961604488964
S09291,L0241,E019,60.26962995529175,65.52364362592442
S09296,L0241,E019,59.71866250038147,67.12867577543967
S09320,L0235,E019,56.80399537086487,74.91768796854754
S09356,L0220,E019,57.076460123062134,74.24390263424552
S09360,L0208,E019,57.88456201553345,72.17719009272251
S09367,L0220,E019,56.35151267051697,76.0104625651375
S09379,L0220,E019,56.318479776382446,76.08894937634638
S09407,L0202,E019,57.79092311859131,72.42182528693081
S09411,L0220,E019,57.10794925689697,74.16527492040731
S09413,L0202,E019,57.36530423164368,73.51682632331898
S09428,L0220,E019,57.505762577056885,73.15855711599323
S09508,L0208,E019,58.36602449417114,70.89853820680628
S09544,L0208,E019,56.75772428512573,75.03094093224958
S09556,L0241,E019,60.365939140319824,65.23928186445467
S09595,L0241,E019,60.59993505477905,64.54387460466606
S09619,L0241,E019,58.4835410118103,70.5812323848873
S09652,L0220,E019,56.308162212371826,76.11342799227853
S09671,L0241,E019,59.95270013809204,66.45150827127469
S09710,L0220,E019,58.29836130142212,71.08031705873805
S09761,L0241,E019,60.055553913116455,66.15173478622891
S09799,L0235,E019,55.722248554229736,77.47518858430627
S09802,L0235,E019,56.19191527366638,76.38803647065356
S09816,L0208,E019,57.69234895706177,72.67791004185726
S09852,L0220,E019,57.074105739593506,74.24977519726596
S09946,L0208,E019,57.20354914665222,73.92560752344761
S09978,L0208,E019,56.34152889251709,76.03420279854944
S09985,L0202,E019,57.98446536064148,71.91472363060798
S08569,L0208,E021,56.60808086395264,75.39486563879052
S08587,L0208,E021,56.92535042762756,74.61904024831978
S08593,L0220,E021,56.66078329086304,75.26710493815561
S08624,L0220,E021,56.60199522972107,75.40958970513303
S08648,L0208,E021,57.65896439552307,72.76430225631519
S08664,L0235,E021,55.950045585632324,76.95238087611017
S08674,L0220,E021,55.86017966270447,77.15963832388178
S08719,L0220,E021,56.44083619117737,75.79734640500534
S08786,L0241,E021,58.28766226768494,71.10899854077982
S08810,L0220,E021,58.42906832695007,70.72856468144431
S08821,L0202,E021,57.359421253204346,73.53176518883183
S08833,L0241,E021,58.14661979675293,71.48551449345901
S08861,L0202,E021,56.809669733047485,74.90377592106692
S08872,L0208,E021,56.551116704940796,75.53245675962415
S08873,L0208,E021,56.43087029457092,75.82118768948732
S08879,L0235,E021,55.5469274520874,77.87179589466733
S08908,L0202,E021,57.17360973358154,74.00081970347897
S08936,L0241,E021,57.988303899765015,71.90460895136212
S08940,L0235,E021,55.95460534095764,76.94182969052588
S08955,L0202,E021,56.90473914146423,74.66992845244182
S09009,L0208,E021,56.80767297744751,74.90867202702067
S09051,L0235,E021,55.34997582435608,78.31134291556079
S09070,L0208,E021,56.79858326911926,74.93095224142867
S09091,L0235,E021,55.44607639312744,78.09766300578605
S09180,L0235,E021,55.20251989364624,78.63627272437996
S09191,L0235,E021,56.43777251243591,75.80467730686503
S09198,L0208,E021,57.881832122802734,72.1843408858587
S09257,L0235,E021,55.77012300491333,77.36601589531419
S09258,L0235,E021,55.78300356864929,77.33657928987586
S09272,L0220,E021,57.03747272491455,74.34103656906107
S09514,L0241,E021,58.20295214653015,71.33548808680268
S09536,L0220,E021,56.34503960609436,76.02585657472987
S09557,L0220,E021,56.641846895217896,75.31306157680552
S09618,L0220,E021,56.9474995136261,74.56428015032573
S09624,L0202,E021,57.290780544281006,73.70566803338181
S09643,L0235,E021,55.292606353759766,78.4381837040385
S09691,L0235,E021,56.56127333641052,75.50796260121602
S09699,L0241,E021,58.47483277320862,70.60481459124787
S09722,L0208,E021,56.91823363304138,74.63661887017456
S09723,L0241,E021,58.855605125427246,69.56346755401466
S09749,L0241,E021,59.229785203933716,68.52023989664382
S09755,L0235,E021,56.12173080444336,76.55277282316389
S09762,L0241,E021,58.09505581855774,71.62242700748543
S09778,L0241,E021,59.07677412033081,68.94918163085687
S09925,L0235,E021,55.52249550819397,77.92666657846105
S09960,L0220,E021,55.843621492385864,77.1976828876117
S09981,L0220,E021,57.323235273361206,73.62353489255068
S09990,L0220,E021,56.389057636260986,75.92104112157304
S08530,L0220,E018,57.593369483947754,72.93354934916981
S08593,L0202,E018,56.05100989341736,76.71796010560706
S08595,L0235,E018,56.41828179359436,75.85128012439584
S08624,L0202,E018,56.05860948562622,76.700248197439
S08662,L0235,E018,54.989928007125854,79.09846815271364
S08674,L0202,E018,55.858200788497925,77.16418739653497
S08688,L0241,E018,55.70852756500244,77.50640891974928
S08719,L0202,E018,55.77068328857422,77.36473601352839
S08808,L0220,E018,56.680721044540405,75.21865607180021
S08810,L0202,E018,56.70914053916931,75.1494865968718
S08829,L0235,E018,54.69775199890137,79.7216153293942
S08920,L0220,E018,55.395764112472534,78.20972098091816
S08934,L0235,E018,55.549973249435425,77.86494862503605
S08942,L0235,E018,57.16378092765808,74.0254803942309
S08974,L0241,E018,57.14861750602722,74.06349596007232
S08999,L0235,E018,56.90109729766846,74.67891296533807
S09006,L0241,E018,55.03419637680054,79.00283447138112
S09026,L0235,E018,55.222153663635254,78.59321371580027
S09039,L0208,E018,55.68678379058838,77.55582113456886
S09109,L0241,E018,56.582701206207275,75.45623192867333
S09118,L0241,E018,57.418519258499146,73.38145057781084
S09135,L0208,E018,56.87095522880554,74.75319325388627
S09168,L0235,E018,56.16105794906616,76.46056285802074
S09229,L0235,E018,55.12314438819885,78.80970851242199
S09267,L0235,E018,56.11892342567444,76.55934566481038
S09272,L0202,E018,56.51964545249939,75.60824893531229
S09290,L0235,E018,55.297040939331055,78.42839828731114
S09359,L0220,E018,56.30815625190735,76.11344212862244
S09370,L0241,E018,57.33762979507446,73.58705403514088
S09454,L0220,E018,56.42615556716919,75.83246109507235
S09462,L0241,E018,55.92168569564819,77.01792916025524
S09528,L0235,E018,55.8846116065979,77.10342116625701
S09536,L0202,E018,55.07017374038696,78.92487562428165
S09545,L0208,E018,57.122135162353516,74.12980194459794
S09557,L0202,E018,56.104880571365356,76.59220463431419
S09618,L0202,E018,55.18863797187805,78.66667921093563
S09658,L0241,E018,56.03457689285278,76.75622742892392
S09760,L0208,E018,54.851555824279785,79.39532706478755
S09791,L0208,E018,55.93549609184265,76.98602550576427
S09797,L0220,E018,56.255483627319336,76.23814073889932
S09823,L0220,E018,56.917327642440796,74.63885610786157
S09842,L0241,E018,56.447649002075195,75.78103900031357
S09879,L0220,E018,55.471521615982056,78.04083249445188
S09889,L0208,E018,55.86206912994385,77.15529418627905
S09936,L0235,E018,56.48817420005798,75.68388191457879
S09960,L0202,E018,54.76728677749634,79.57457957894431
S09981,L0202,E018,55.594807863235474,77.76398032111001
S09990,L0202,E018,55.72660565376282,77.4652681410659
S09991,L0208,E018,55.87446093559265,77.12678935611162
